{"val/Viva/logit_bce": 0.7389404773712158, "val/total_loss": 0.7389404773712158, "val/Viva/accuracy": 0.6578947305679321, "val/Viva/confusion_matrix/false_negatives": 1.625, "val/Viva/confusion_matrix/false_positives": 4.875, "val/Viva/confusion_matrix/predicted_admitted": 13.75, "val/Viva/confusion_matrix/predicted_discharged": 5.25, "val/Viva/confusion_matrix/true_negatives": 3.625, "val/Viva/confusion_matrix/true_positives": 8.875, "val/Viva/npv": 0.7020832896232605, "val/Viva/ppv": 0.8421085476875305, "val/Viva/sensitivity": 0.8421085476875305, "val/Viva/specificity": 0.42519840598106384, "trainer/global_step": 5, "_timestamp": 1686897511.3030348, "_runtime": 276.19527769088745, "_step": 4}