{"val/Viva/logit_bce": 1.2902166843414307, "val/total_loss": 1.2902166843414307, "_timestamp": 1686901191.7748237, "_runtime": 321.196617603302, "_step": 14}